<?xml version="1.0" encoding="utf-8"?>
<VisioDocument>
	<DocumentProperties>
		<Title></Title>
		<HyperlinkBase href=""></HyperlinkBase>
	</DocumentProperties>
	<Pages>
		<Page ID="0" Name="用例-1" NameU="Page-1">
			<Shapes>
				<Shape ID="1" UniqueID="{CCC572D2-AFB0-4197-B617-B22D93C925D0}" Name="系统边界" NameU="System Boundary" Master="23">
					<Text>libtcs</Text>
					<XForm>
						<PinX Unit="MM">4.133858267716537</PinX>
						<PinY Unit="MM">8.070866141732282</PinY>
					</XForm>
				</Shape>
				<Shape ID="2" UniqueID="{973F8BAC-0766-4FF6-A749-8FC2BC601FC0}" Name="用例" NameU="Use Case" Master="24">
					<Text>compressing</Text>
					<XForm>
						<PinX Unit="MM">4.133858267716536</PinX>
						<PinY Unit="MM">8.070866141732283</PinY>
					</XForm>
				</Shape>
				<Shape ID="3" UniqueID="{C963F729-F9C2-44C2-A88E-EABACB13EB2B}" Name="Watermark Title" NameU="Watermark Title" Master="18">
					<Text>用例</Text>
					<XForm>
						<PinX Unit="MM">4.133858267716535</PinX>
						<PinY Unit="MM">11.692913385826770</PinY>
					</XForm>
				</Shape>
				<Shape ID="4" UniqueID="{E5AD0C14-42E2-42E7-8913-33541D3D956A}" Name="通信" NameU="Communicates" Master="26">
					<XForm>
						<PinX Unit="MM">2.854330708661418</PinX>
						<PinY Unit="MM">8.070866141732285</PinY>
					</XForm>
				</Shape>
				<Shape ID="6" UniqueID="{970FC429-60DA-4CE1-B34E-21AA21DAC7E7}" Name="end1_mp" NameU="end1_mp">
					<Text>1</Text>
					<XForm>
						<PinX Unit="IN">2.462442961583223</PinX>
						<PinY Unit="IN">8.000155463613631</PinY>
					</XForm>
				</Shape>
				<Shape ID="8" UniqueID="{B3AE3335-C789-404F-B2A1-ED48E1F64510}" Name="end2_mp" NameU="end2_mp">
					<Text>1</Text>
					<XForm>
						<PinX Unit="IN">3.246218455739608</PinX>
						<PinY Unit="IN">8.000155463613636</PinY>
					</XForm>
				</Shape>
				<Shape ID="9" UniqueID="{DCF4756C-9821-4A66-9609-03B5F313AFBA}" Name="用例.9" NameU="Use Case.9" Master="24">
					<Text>Raw Chunks</Text>
					<XForm>
						<PinX Unit="MM">1.574803149606300</PinX>
						<PinY Unit="MM">8.070866141732285</PinY>
					</XForm>
				</Shape>
				<Shape ID="10" UniqueID="{C41CEB11-3E6D-4BFD-AC24-392CC240EDE2}" Name="用例.10" NameU="Use Case.10" Master="24">
					<Text>Compressed Chunks</Text>
					<XForm>
						<PinX Unit="MM">6.692913385826771</PinX>
						<PinY Unit="MM">8.070866141732283</PinY>
					</XForm>
				</Shape>
				<Shape ID="11" UniqueID="{EB190418-B205-4793-8D5D-5CFA650FC7A4}" Name="通信.11" NameU="Communicates.11" Master="26">
					<XForm>
						<PinX Unit="MM">5.413385826771654</PinX>
						<PinY Unit="MM">8.070866141732283</PinY>
					</XForm>
				</Shape>
				<Shape ID="13" UniqueID="{525BD770-6F36-4527-A65B-D04E4650CC94}" Name="end1_mp" NameU="end1_mp">
					<Text>1</Text>
					<XForm>
						<PinX Unit="IN">5.021498079693459</PinX>
						<PinY Unit="IN">8.000155463613629</PinY>
					</XForm>
				</Shape>
				<Shape ID="15" UniqueID="{B47686DA-1FEB-42BC-A4AA-7773B8B1C9DB}" Name="end2_mp" NameU="end2_mp">
					<Text>1</Text>
					<XForm>
						<PinX Unit="IN">5.805273573849846</PinX>
						<PinY Unit="IN">8.000155463613629</PinY>
					</XForm>
				</Shape>
			</Shapes>
		</Page>
		<Page ID="4" Name="用例-2" NameU="用例-2">
			<Shapes>
				<Shape ID="1" UniqueID="{6930B202-F3AE-4F8F-B77C-792C43DE5B83}" Name="Watermark Title" NameU="Watermark Title" Master="18">
					<Text>用例</Text>
					<XForm>
						<PinX Unit="MM">4.133858267716535</PinX>
						<PinY Unit="MM">11.692913385826770</PinY>
					</XForm>
				</Shape>
				<Shape ID="2" UniqueID="{9B3397A8-41BC-4633-B188-3207E909F616}" Name="系统边界" NameU="System Boundary" Master="23">
					<Text>libtcs</Text>
					<XForm>
						<PinX Unit="MM">4.133858267716537</PinX>
						<PinY Unit="MM">5.314960629921259</PinY>
					</XForm>
				</Shape>
				<Shape ID="3" UniqueID="{C3F2C4FA-D9B6-406A-99FC-00A192B9339D}" Name="用例" NameU="Use Case" Master="24">
					<Text>parsing</Text>
					<XForm>
						<PinX Unit="MM">4.133858267716536</PinX>
						<PinY Unit="MM">5.905511811023625</PinY>
					</XForm>
				</Shape>
				<Shape ID="4" UniqueID="{21F3D7ED-E491-4715-A082-CE7247BD4C60}" Name="通信" NameU="Communicates" Master="26">
					<XForm>
						<PinX Unit="MM">2.854330708661418</PinX>
						<PinY Unit="MM">5.905511811023626</PinY>
					</XForm>
				</Shape>
				<Shape ID="6" UniqueID="{DF3D8471-1719-4D50-807C-645A580D8D1D}" Name="end1_mp" NameU="end1_mp">
					<Text>1</Text>
					<XForm>
						<PinX Unit="IN">2.462442961583220</PinX>
						<PinY Unit="IN">5.834801132904969</PinY>
					</XForm>
				</Shape>
				<Shape ID="8" UniqueID="{305EC3C2-581E-4B6F-9FA2-612572896CAB}" Name="end2_mp" NameU="end2_mp">
					<Text>1</Text>
					<XForm>
						<PinX Unit="IN">3.246218455739610</PinX>
						<PinY Unit="IN">5.834801132904974</PinY>
					</XForm>
				</Shape>
				<Shape ID="9" UniqueID="{098BDF15-607B-401E-915E-DA906A838BA8}" Name="用例.9" NameU="Use Case.9" Master="24">
					<Text>Compressed TCS File</Text>
					<XForm>
						<PinX Unit="MM">1.574803149606300</PinX>
						<PinY Unit="MM">5.905511811023627</PinY>
					</XForm>
				</Shape>
				<Shape ID="10" UniqueID="{418ED9BE-2AC8-42F8-9B3E-F13CC0814EA2}" Name="用例.10" NameU="Use Case.10" Master="24">
					<Text>Parsed TCS File</Text>
					<XForm>
						<PinX Unit="MM">6.692913385826771</PinX>
						<PinY Unit="MM">4.527559055118110</PinY>
					</XForm>
				</Shape>
				<Shape ID="11" UniqueID="{3984CDF2-215F-42B2-8E1D-14294101ECBB}" Name="通信.11" NameU="Communicates.11" Master="26">
					<XForm>
						<PinX Unit="MM">5.413385826771654</PinX>
						<PinY Unit="MM">4.527559055118110</PinY>
					</XForm>
				</Shape>
				<Shape ID="13" UniqueID="{418802BF-53AF-4C6D-9072-845B983210EB}" Name="end1_mp" NameU="end1_mp">
					<Text>1</Text>
					<XForm>
						<PinX Unit="IN">5.021498079693459</PinX>
						<PinY Unit="IN">4.456848376999456</PinY>
					</XForm>
				</Shape>
				<Shape ID="15" UniqueID="{E8FCC591-5C02-413C-A380-6766D7C6DA40}" Name="end2_mp" NameU="end2_mp">
					<Text>1</Text>
					<XForm>
						<PinX Unit="IN">5.805273573849846</PinX>
						<PinY Unit="IN">4.456848376999456</PinY>
					</XForm>
				</Shape>
				<Shape ID="16" UniqueID="{036E89B8-18B8-49E6-97CB-65C99B325461}" Name="用例.16" NameU="Use Case.16" Master="24">
					<Text>writing</Text>
					<XForm>
						<PinX Unit="MM">4.133858267716535</PinX>
						<PinY Unit="MM">4.527559055118110</PinY>
					</XForm>
				</Shape>
				<Shape ID="17" UniqueID="{094A3D92-B837-42F2-A4CF-2DCDD97F3D31}" Name="通信.17" NameU="Communicates.17" Master="26">
					<XForm>
						<PinX Unit="MM">4.133858267716535</PinX>
						<PinY Unit="MM">5.216535433070868</PinY>
					</XForm>
				</Shape>
				<Shape ID="19" UniqueID="{D614C563-48C7-465A-8D80-B50C011CEBF3}" Name="end1_mp" NameU="end1_mp">
					<Text>1</Text>
					<XForm>
						<PinX Unit="IN">4.063147589597877</PinX>
						<PinY Unit="IN">5.423383810070328</PinY>
					</XForm>
				</Shape>
				<Shape ID="21" UniqueID="{B0BCF03D-B093-4323-AF5F-EDFD328FFD9F}" Name="end2_mp" NameU="end2_mp">
					<Text>1</Text>
					<XForm>
						<PinX Unit="IN">4.063147589597881</PinX>
						<PinY Unit="IN">5.009687056071412</PinY>
					</XForm>
				</Shape>
			</Shapes>
		</Page>
		<Page ID="5" Name="用例-3" NameU="用例-3">
			<Shapes>
				<Shape ID="1" UniqueID="{F9AE2574-F3C4-4398-AC97-EF7AF2F22D71}" Name="Watermark Title" NameU="Watermark Title" Master="18">
					<Text>用例</Text>
					<XForm>
						<PinX Unit="MM">4.133858267716535</PinX>
						<PinY Unit="MM">11.692913385826770</PinY>
					</XForm>
				</Shape>
				<Shape ID="2" UniqueID="{4E59337B-D337-44DC-94AF-BBBEB25AF101}" Name="系统边界" NameU="System Boundary" Master="23">
					<Text>libtcs</Text>
					<XForm>
						<PinX Unit="MM">4.133858267716535</PinX>
						<PinY Unit="MM">5.905511811023623</PinY>
					</XForm>
				</Shape>
				<Shape ID="3" UniqueID="{D0E08EAA-4377-4B2B-997E-9DA7A511B920}" Name="用例" NameU="Use Case" Master="24">
					<Text>writing</Text>
					<XForm>
						<PinX Unit="MM">4.133858267716534</PinX>
						<PinY Unit="MM">5.905511811023625</PinY>
					</XForm>
				</Shape>
				<Shape ID="4" UniqueID="{B78F6A9A-EB68-4A39-A2CA-5C2D7E8F3F73}" Name="通信" NameU="Communicates" Master="26">
					<XForm>
						<PinX Unit="MM">2.854330708661416</PinX>
						<PinY Unit="MM">5.905511811023626</PinY>
					</XForm>
				</Shape>
				<Shape ID="6" UniqueID="{EB0FEBF7-2E04-4601-B1D1-FF4B9CB99DEA}" Name="end1_mp" NameU="end1_mp">
					<Text>1</Text>
					<XForm>
						<PinX Unit="IN">2.462442961583219</PinX>
						<PinY Unit="IN">5.834801132904969</PinY>
					</XForm>
				</Shape>
				<Shape ID="8" UniqueID="{033E7C4E-EDE9-4358-8C11-A79DE96F6B0E}" Name="end2_mp" NameU="end2_mp">
					<Text>1</Text>
					<XForm>
						<PinX Unit="IN">3.246218455739608</PinX>
						<PinY Unit="IN">5.834801132904974</PinY>
					</XForm>
				</Shape>
				<Shape ID="9" UniqueID="{432CEDE6-C9C5-45C5-926C-C3CE04F40EC7}" Name="用例.9" NameU="Use Case.9" Master="24">
					<Text>Raw Chunks</Text>
					<XForm>
						<PinX Unit="MM">1.574803149606298</PinX>
						<PinY Unit="MM">5.905511811023627</PinY>
					</XForm>
				</Shape>
				<Shape ID="10" UniqueID="{94A12B2C-4EF1-46B8-BD47-4ED731FCDE58}" Name="用例.10" NameU="Use Case.10" Master="24">
					<Text>Raw TCS File</Text>
					<XForm>
						<PinX Unit="MM">6.692913385826770</PinX>
						<PinY Unit="MM">5.905511811023625</PinY>
					</XForm>
				</Shape>
				<Shape ID="11" UniqueID="{E3C4FE18-AA35-443D-93AC-51882BDE9025}" Name="通信.11" NameU="Communicates.11" Master="26">
					<XForm>
						<PinX Unit="MM">5.413385826771652</PinX>
						<PinY Unit="MM">5.905511811023625</PinY>
					</XForm>
				</Shape>
				<Shape ID="13" UniqueID="{EFA6F206-77B9-48C0-B32B-9BC41893A0AA}" Name="end1_mp" NameU="end1_mp">
					<Text>1</Text>
					<XForm>
						<PinX Unit="IN">5.021498079693457</PinX>
						<PinY Unit="IN">5.834801132904970</PinY>
					</XForm>
				</Shape>
				<Shape ID="15" UniqueID="{35F8A894-9E35-4236-A91D-0C76766C423E}" Name="end2_mp" NameU="end2_mp">
					<Text>1</Text>
					<XForm>
						<PinX Unit="IN">5.805273573849844</PinX>
						<PinY Unit="IN">5.834801132904970</PinY>
					</XForm>
				</Shape>
			</Shapes>
		</Page>
		<Page ID="6" Name="用例-4" NameU="用例-4">
			<Shapes>
				<Shape ID="1" UniqueID="{A6F23817-E345-4B8E-8513-5146D84740FE}" Name="Watermark Title" NameU="Watermark Title" Master="18">
					<Text>用例</Text>
					<XForm>
						<PinX Unit="MM">4.133858267716535</PinX>
						<PinY Unit="MM">11.692913385826770</PinY>
					</XForm>
				</Shape>
				<Shape ID="2" UniqueID="{BD246CFF-733A-4209-9D7B-E835EB55F8DC}" Name="系统边界" NameU="System Boundary" Master="23">
					<Text>libtcs</Text>
					<XForm>
						<PinX Unit="MM">4.133858267716536</PinX>
						<PinY Unit="MM">5.905511811023620</PinY>
					</XForm>
				</Shape>
				<Shape ID="3" UniqueID="{711A7912-597A-402F-B330-C6C60A295EC1}" Name="用例" NameU="Use Case" Master="24">
					<Text>writing</Text>
					<XForm>
						<PinX Unit="MM">4.133858267716535</PinX>
						<PinY Unit="MM">5.905511811023622</PinY>
					</XForm>
				</Shape>
				<Shape ID="4" UniqueID="{04344ECC-2DD0-4975-80CA-51BC637DF5FC}" Name="通信" NameU="Communicates" Master="26">
					<XForm>
						<PinX Unit="MM">2.854330708661417</PinX>
						<PinY Unit="MM">5.905511811023623</PinY>
					</XForm>
				</Shape>
				<Shape ID="6" UniqueID="{8D517649-7B67-4220-90D3-F75BE7EAEF78}" Name="end1_mp" NameU="end1_mp">
					<Text>1</Text>
					<XForm>
						<PinX Unit="IN">2.462442961583220</PinX>
						<PinY Unit="IN">5.834801132904966</PinY>
					</XForm>
				</Shape>
				<Shape ID="8" UniqueID="{BF51CBF3-3FBB-4E25-8E58-A260AC2B6A2B}" Name="end2_mp" NameU="end2_mp">
					<Text>1</Text>
					<XForm>
						<PinX Unit="IN">3.246218455739609</PinX>
						<PinY Unit="IN">5.834801132904971</PinY>
					</XForm>
				</Shape>
				<Shape ID="9" UniqueID="{47106D96-DF7D-4267-BE38-5648F41C4B5E}" Name="用例.9" NameU="Use Case.9" Master="24">
					<Text>Compressed Chunks</Text>
					<XForm>
						<PinX Unit="MM">1.574803149606299</PinX>
						<PinY Unit="MM">5.905511811023624</PinY>
					</XForm>
				</Shape>
				<Shape ID="10" UniqueID="{56A6BB37-8C08-4954-A516-E7CB514B5DD5}" Name="用例.10" NameU="Use Case.10" Master="24">
					<Text>Compressed TCS File</Text>
					<XForm>
						<PinX Unit="MM">6.692913385826770</PinX>
						<PinY Unit="MM">5.905511811023622</PinY>
					</XForm>
				</Shape>
				<Shape ID="11" UniqueID="{EA2FED4D-B7DB-4B1F-8EBB-6987F14AB9C6}" Name="通信.11" NameU="Communicates.11" Master="26">
					<XForm>
						<PinX Unit="MM">5.413385826771653</PinX>
						<PinY Unit="MM">5.905511811023622</PinY>
					</XForm>
				</Shape>
				<Shape ID="13" UniqueID="{045A5F2E-BD63-4857-B808-BC93B1B6F225}" Name="end1_mp" NameU="end1_mp">
					<Text>1</Text>
					<XForm>
						<PinX Unit="IN">5.021498079693458</PinX>
						<PinY Unit="IN">5.834801132904968</PinY>
					</XForm>
				</Shape>
				<Shape ID="15" UniqueID="{6E4D3CB5-9B88-45CE-91E0-F29B6E6B8D7D}" Name="end2_mp" NameU="end2_mp">
					<Text>1</Text>
					<XForm>
						<PinX Unit="IN">5.805273573849845</PinX>
						<PinY Unit="IN">5.834801132904968</PinY>
					</XForm>
				</Shape>
			</Shapes>
		</Page>
		<Page ID="7" Name="用例-5" NameU="用例-5">
			<Shapes>
				<Shape ID="1" UniqueID="{764C0E10-0864-4B79-A892-BE3D48D3EED9}" Name="Watermark Title" NameU="Watermark Title" Master="18">
					<Text>用例</Text>
					<XForm>
						<PinX Unit="MM">4.133858267716535</PinX>
						<PinY Unit="MM">11.692913385826770</PinY>
					</XForm>
				</Shape>
				<Shape ID="2" UniqueID="{598B06E3-2016-47BD-A0A6-F413DEFE7ED2}" Name="系统边界" NameU="System Boundary" Master="23">
					<Text>libtcs</Text>
					<XForm>
						<PinX Unit="MM">4.133858267716535</PinX>
						<PinY Unit="MM">5.905511811023620</PinY>
					</XForm>
				</Shape>
				<Shape ID="3" UniqueID="{7DDA1DBD-00FD-47BF-9202-048A9FFE4F5D}" Name="用例" NameU="Use Case" Master="24">
					<Text>reading</Text>
					<XForm>
						<PinX Unit="MM">4.133858267716534</PinX>
						<PinY Unit="MM">5.905511811023622</PinY>
					</XForm>
				</Shape>
				<Shape ID="4" UniqueID="{AD1CBE56-AF49-4279-A72A-1EC00E3839CC}" Name="通信" NameU="Communicates" Master="26">
					<XForm>
						<PinX Unit="MM">2.854330708661416</PinX>
						<PinY Unit="MM">5.905511811023623</PinY>
					</XForm>
				</Shape>
				<Shape ID="6" UniqueID="{28A92F53-0C57-4035-905D-58F7DDC0AABF}" Name="end1_mp" NameU="end1_mp">
					<Text>1</Text>
					<XForm>
						<PinX Unit="IN">2.462442961583219</PinX>
						<PinY Unit="IN">5.834801132904966</PinY>
					</XForm>
				</Shape>
				<Shape ID="8" UniqueID="{9CB2BFF7-14DF-4668-BB53-DB5717C53A39}" Name="end2_mp" NameU="end2_mp">
					<Text>1</Text>
					<XForm>
						<PinX Unit="IN">3.246218455739608</PinX>
						<PinY Unit="IN">5.834801132904971</PinY>
					</XForm>
				</Shape>
				<Shape ID="9" UniqueID="{0F2CC46B-B6E4-41C0-9D43-B0E0B1A2E594}" Name="用例.9" NameU="Use Case.9" Master="24">
					<Text>Compressed TCS File</Text>
					<XForm>
						<PinX Unit="MM">1.574803149606298</PinX>
						<PinY Unit="MM">5.905511811023624</PinY>
					</XForm>
				</Shape>
				<Shape ID="10" UniqueID="{F6DE202A-FB6D-4CDC-ADE0-F0D7AB734865}" Name="用例.10" NameU="Use Case.10" Master="24">
					<Text>Compressed Chunks</Text>
					<XForm>
						<PinX Unit="MM">6.692913385826770</PinX>
						<PinY Unit="MM">5.905511811023622</PinY>
					</XForm>
				</Shape>
				<Shape ID="11" UniqueID="{6F6FF4B2-8A0F-4F0F-8C9B-DDDF1999CEC2}" Name="通信.11" NameU="Communicates.11" Master="26">
					<XForm>
						<PinX Unit="MM">5.413385826771652</PinX>
						<PinY Unit="MM">5.905511811023622</PinY>
					</XForm>
				</Shape>
				<Shape ID="13" UniqueID="{4805CAD1-A5F7-40AA-95CD-876958BBA235}" Name="end1_mp" NameU="end1_mp">
					<Text>1</Text>
					<XForm>
						<PinX Unit="IN">5.021498079693457</PinX>
						<PinY Unit="IN">5.834801132904968</PinY>
					</XForm>
				</Shape>
				<Shape ID="15" UniqueID="{DE042728-4F44-4C7A-931E-F03342520811}" Name="end2_mp" NameU="end2_mp">
					<Text>1</Text>
					<XForm>
						<PinX Unit="IN">5.805273573849844</PinX>
						<PinY Unit="IN">5.834801132904968</PinY>
					</XForm>
				</Shape>
			</Shapes>
		</Page>
		<Page ID="8" Name="用例-6" NameU="用例-6">
			<Shapes>
				<Shape ID="1" UniqueID="{0D1107B2-449D-46AE-9C07-02931FFC2803}" Name="Watermark Title" NameU="Watermark Title" Master="18">
					<Text>用例</Text>
					<XForm>
						<PinX Unit="MM">4.133858267716535</PinX>
						<PinY Unit="MM">11.692913385826770</PinY>
					</XForm>
				</Shape>
				<Shape ID="2" UniqueID="{12E0516E-DC47-4160-A49D-3706A47A186A}" Name="系统边界" NameU="System Boundary" Master="23">
					<Text>libtcs</Text>
					<XForm>
						<PinX Unit="MM">4.133858267716537</PinX>
						<PinY Unit="MM">5.905511811023620</PinY>
					</XForm>
				</Shape>
				<Shape ID="3" UniqueID="{AB73D2AB-4157-4B60-976B-2FA91B7C5E2D}" Name="用例" NameU="Use Case" Master="24">
					<Text>reading</Text>
					<XForm>
						<PinX Unit="MM">4.133858267716535</PinX>
						<PinY Unit="MM">5.905511811023622</PinY>
					</XForm>
				</Shape>
				<Shape ID="4" UniqueID="{C87B6D83-FB69-4D2E-8F76-009CFB3D3F3A}" Name="通信" NameU="Communicates" Master="26">
					<XForm>
						<PinX Unit="MM">2.854330708661417</PinX>
						<PinY Unit="MM">5.905511811023623</PinY>
					</XForm>
				</Shape>
				<Shape ID="6" UniqueID="{75054275-2497-48DE-880B-3B3255B2470E}" Name="end1_mp" NameU="end1_mp">
					<Text>1</Text>
					<XForm>
						<PinX Unit="IN">2.462442961583220</PinX>
						<PinY Unit="IN">5.834801132904966</PinY>
					</XForm>
				</Shape>
				<Shape ID="8" UniqueID="{DBEF9306-489D-4608-8AC1-6716CB6982EF}" Name="end2_mp" NameU="end2_mp">
					<Text>1</Text>
					<XForm>
						<PinX Unit="IN">3.246218455739609</PinX>
						<PinY Unit="IN">5.834801132904971</PinY>
					</XForm>
				</Shape>
				<Shape ID="9" UniqueID="{3F54CEF8-66F6-4F48-A713-56F532946C9A}" Name="用例.9" NameU="Use Case.9" Master="24">
					<Text>Raw TCS File</Text>
					<XForm>
						<PinX Unit="MM">1.574803149606299</PinX>
						<PinY Unit="MM">5.905511811023624</PinY>
					</XForm>
				</Shape>
				<Shape ID="10" UniqueID="{8371E69B-29AA-4D92-8CCE-35E3396EEE0F}" Name="用例.10" NameU="Use Case.10" Master="24">
					<Text>Raw Chunks</Text>
					<XForm>
						<PinX Unit="MM">6.692913385826770</PinX>
						<PinY Unit="MM">5.905511811023622</PinY>
					</XForm>
				</Shape>
				<Shape ID="11" UniqueID="{1D24A2C6-D7B1-423F-A1AA-136E24D7857B}" Name="通信.11" NameU="Communicates.11" Master="26">
					<XForm>
						<PinX Unit="MM">5.413385826771653</PinX>
						<PinY Unit="MM">5.905511811023622</PinY>
					</XForm>
				</Shape>
				<Shape ID="13" UniqueID="{B7A9F5AE-070C-49D3-8865-67023254505F}" Name="end1_mp" NameU="end1_mp">
					<Text>1</Text>
					<XForm>
						<PinX Unit="IN">5.021498079693458</PinX>
						<PinY Unit="IN">5.834801132904968</PinY>
					</XForm>
				</Shape>
				<Shape ID="15" UniqueID="{43C5E676-91CF-4424-910B-B33AD8A009CF}" Name="end2_mp" NameU="end2_mp">
					<Text>1</Text>
					<XForm>
						<PinX Unit="IN">5.805273573849845</PinX>
						<PinY Unit="IN">5.834801132904968</PinY>
					</XForm>
				</Shape>
			</Shapes>
		</Page>
		<Page ID="9" Name="用例-7" NameU="用例-7">
			<Shapes>
				<Shape ID="1" UniqueID="{C6F6AFE5-B651-4805-B9A6-35F2CDB0A39B}" Name="Watermark Title" NameU="Watermark Title" Master="18">
					<Text>用例</Text>
					<XForm>
						<PinX Unit="MM">4.133858267716535</PinX>
						<PinY Unit="MM">11.692913385826770</PinY>
					</XForm>
				</Shape>
				<Shape ID="2" UniqueID="{BAD1BE49-0F8E-4BD4-B75D-E43B75AE15CF}" Name="系统边界" NameU="System Boundary" Master="23">
					<Text>libtcs</Text>
					<XForm>
						<PinX Unit="MM">4.133858267716537</PinX>
						<PinY Unit="MM">5.905511811023620</PinY>
					</XForm>
				</Shape>
				<Shape ID="3" UniqueID="{01E8184F-BE13-4B5A-A857-E59A2E3B48BE}" Name="用例" NameU="Use Case" Master="24">
					<Text>uncompressing</Text>
					<XForm>
						<PinX Unit="MM">4.133858267716535</PinX>
						<PinY Unit="MM">5.905511811023622</PinY>
					</XForm>
				</Shape>
				<Shape ID="4" UniqueID="{8E7A9F8C-A0F6-4412-9A5B-0D4056F2A447}" Name="通信" NameU="Communicates" Master="26">
					<XForm>
						<PinX Unit="MM">2.854330708661417</PinX>
						<PinY Unit="MM">5.905511811023623</PinY>
					</XForm>
				</Shape>
				<Shape ID="6" UniqueID="{546A855D-E2DB-4BFD-90AB-65323FFF2DA9}" Name="end1_mp" NameU="end1_mp">
					<Text>1</Text>
					<XForm>
						<PinX Unit="IN">2.462442961583220</PinX>
						<PinY Unit="IN">5.834801132904966</PinY>
					</XForm>
				</Shape>
				<Shape ID="8" UniqueID="{E7369A52-6F46-4E1A-A755-CF47FC54EAE7}" Name="end2_mp" NameU="end2_mp">
					<Text>1</Text>
					<XForm>
						<PinX Unit="IN">3.246218455739609</PinX>
						<PinY Unit="IN">5.834801132904971</PinY>
					</XForm>
				</Shape>
				<Shape ID="9" UniqueID="{BDB25D46-A129-495B-B431-5AA89F239AFB}" Name="用例.9" NameU="Use Case.9" Master="24">
					<Text>Compressed Chunks</Text>
					<XForm>
						<PinX Unit="MM">1.574803149606299</PinX>
						<PinY Unit="MM">5.905511811023624</PinY>
					</XForm>
				</Shape>
				<Shape ID="10" UniqueID="{EDB5BE96-FF35-426E-A909-7BAC9D6E19D5}" Name="用例.10" NameU="Use Case.10" Master="24">
					<Text>Raw Chunks</Text>
					<XForm>
						<PinX Unit="MM">6.692913385826772</PinX>
						<PinY Unit="MM">5.905511811023622</PinY>
					</XForm>
				</Shape>
				<Shape ID="11" UniqueID="{24BB1B46-D8BE-4441-8837-E8F748E0AB6A}" Name="通信.11" NameU="Communicates.11" Master="26">
					<XForm>
						<PinX Unit="MM">5.413385826771654</PinX>
						<PinY Unit="MM">5.905511811023622</PinY>
					</XForm>
				</Shape>
				<Shape ID="13" UniqueID="{87686D5E-3581-484D-B7CF-CF4C348ACE49}" Name="end1_mp" NameU="end1_mp">
					<Text>1</Text>
					<XForm>
						<PinX Unit="IN">5.021498079693458</PinX>
						<PinY Unit="IN">5.834801132904968</PinY>
					</XForm>
				</Shape>
				<Shape ID="15" UniqueID="{7EDE8828-8551-4955-8299-DC9131ACE893}" Name="end2_mp" NameU="end2_mp">
					<Text>1</Text>
					<XForm>
						<PinX Unit="IN">5.805273573849845</PinX>
						<PinY Unit="IN">5.834801132904968</PinY>
					</XForm>
				</Shape>
			</Shapes>
		</Page>
		<Page ID="10" Name="用例-8" NameU="用例-8">
			<Shapes>
				<Shape ID="1" UniqueID="{51E8BE84-E644-40BE-A71F-9F81ADA27C4D}" Name="Watermark Title" NameU="Watermark Title" Master="18">
					<Text>用例</Text>
					<XForm>
						<PinX Unit="MM">4.133858267716535</PinX>
						<PinY Unit="MM">11.692913385826770</PinY>
					</XForm>
				</Shape>
				<Shape ID="2" UniqueID="{F68DF49C-5317-4E6E-9F94-D448FF01D92F}" Name="系统边界" NameU="System Boundary" Master="23">
					<Text>TCS FX Generator</Text>
					<XForm>
						<PinX Unit="MM">1.968503937007874</PinX>
						<PinY Unit="MM">9.547244094488185</PinY>
					</XForm>
				</Shape>
				<Shape ID="3" UniqueID="{6C1CBEA5-F3A5-490D-BAC0-6182E7E6DD08}" Name="用例" NameU="Use Case" Master="24">
					<Text>generating TCS FX</Text>
					<XForm>
						<PinX Unit="MM">1.968503937007874</PinX>
						<PinY Unit="MM">9.448818897637796</PinY>
					</XForm>
				</Shape>
				<Shape ID="4" UniqueID="{E9000871-DA5C-43E9-863A-65E765647562}" Name="用例.4" NameU="Use Case.4" Master="24">
					<Text>Raw TCS FX data</Text>
					<XForm>
						<PinX Unit="MM">4.133858267716535</PinX>
						<PinY Unit="MM">9.448818897637795</PinY>
					</XForm>
				</Shape>
				<Shape ID="5" UniqueID="{8F046D36-14D5-4F37-A256-2EDE15D991BB}" Name="通信" NameU="Communicates" Master="26">
					<XForm>
						<PinX Unit="MM">3.051181102362205</PinX>
						<PinY Unit="MM">9.448818897637796</PinY>
					</XForm>
				</Shape>
				<Shape ID="7" UniqueID="{BBB18FF4-FEB5-424A-B8A0-402FCC8D6777}" Name="end1_mp" NameU="end1_mp">
					<Text>1</Text>
					<XForm>
						<PinX Unit="IN">2.844332725362746</PinX>
						<PinY Unit="IN">9.378108219519138</PinY>
					</XForm>
				</Shape>
				<Shape ID="9" UniqueID="{E1FF0E9A-EEBD-4D21-A5A5-B85852F8B357}" Name="end2_mp" NameU="end2_mp">
					<Text>1</Text>
					<XForm>
						<PinX Unit="IN">3.258029479361655</PinX>
						<PinY Unit="IN">9.378108219519145</PinY>
					</XForm>
				</Shape>
				<Shape ID="10" UniqueID="{DDEA53A2-747E-4591-B45F-4F3FAA627F71}" Name="系统边界.10" NameU="System Boundary.10" Master="23">
					<Text>libtcs</Text>
					<XForm>
						<PinX Unit="MM">6.299212598425196</PinX>
						<PinY Unit="MM">8.858267716535432</PinY>
					</XForm>
				</Shape>
				<Shape ID="11" UniqueID="{06EFC4D0-B935-4D48-B712-707172A68664}" Name="用例.11" NameU="Use Case.11" Master="24">
					<Text>compressing</Text>
					<XForm>
						<PinX Unit="MM">6.299212598425196</PinX>
						<PinY Unit="MM">9.448818897637795</PinY>
					</XForm>
				</Shape>
				<Shape ID="12" UniqueID="{50CDF106-8C21-43E7-8FB7-0FB87462A8E7}" Name="通信.12" NameU="Communicates.12" Master="26">
					<XForm>
						<PinX Unit="MM">5.216535433070866</PinX>
						<PinY Unit="MM">9.448818897637795</PinY>
					</XForm>
				</Shape>
				<Shape ID="14" UniqueID="{978F298E-E1AA-475A-8100-88DC0D91BB86}" Name="end1_mp" NameU="end1_mp">
					<Text>1</Text>
					<XForm>
						<PinX Unit="IN">5.009687056071408</PinX>
						<PinY Unit="IN">9.378108219519138</PinY>
					</XForm>
				</Shape>
				<Shape ID="16" UniqueID="{660FB83B-75C6-4698-8ADB-42A80183FB65}" Name="end2_mp" NameU="end2_mp">
					<Text>1</Text>
					<XForm>
						<PinX Unit="IN">5.423383810070320</PinX>
						<PinY Unit="IN">9.378108219519140</PinY>
					</XForm>
				</Shape>
				<Shape ID="17" UniqueID="{5794D50C-812C-45E4-9817-EE5305A51A4D}" Name="系统边界.17" NameU="System Boundary.17" Master="23">
					<Text>libtcs</Text>
					<XForm>
						<PinX Unit="MM">4.133858267716535</PinX>
						<PinY Unit="MM">5.905511811023620</PinY>
					</XForm>
				</Shape>
				<Shape ID="18" UniqueID="{95EF85DB-8D45-498F-95BC-FD41B1BC921D}" Name="用例.18" NameU="Use Case.18" Master="24">
					<Text>Parsing</Text>
					<XForm>
						<PinX Unit="MM">4.133858267716536</PinX>
						<PinY Unit="MM">6.496062992125984</PinY>
					</XForm>
				</Shape>
				<Shape ID="19" UniqueID="{9AB0CFBC-45FD-4FFC-A292-7C202E7908DE}" Name="用例.19" NameU="Use Case.19" Master="24">
					<Text>writing</Text>
					<XForm>
						<PinX Unit="MM">6.299212598425196</PinX>
						<PinY Unit="MM">8.070866141732283</PinY>
					</XForm>
				</Shape>
				<Shape ID="20" UniqueID="{E052CC8D-22C6-4410-B0CA-93DB83B71021}" Name="通信.20" NameU="Communicates.20" Master="26">
					<XForm>
						<PinX Unit="MM">6.299212598425196</PinX>
						<PinY Unit="MM">8.759842519685041</PinY>
					</XForm>
				</Shape>
				<Shape ID="22" UniqueID="{73CDBE70-9AC2-4798-82E8-CD2D1636F1D9}" Name="end1_mp" NameU="end1_mp">
					<Text>1</Text>
					<XForm>
						<PinX Unit="IN">6.228501920306542</PinX>
						<PinY Unit="IN">8.966690896684495</PinY>
					</XForm>
				</Shape>
				<Shape ID="24" UniqueID="{629BFD5F-F9CD-4E0B-8B03-543D43F49817}" Name="end2_mp" NameU="end2_mp">
					<Text>1</Text>
					<XForm>
						<PinX Unit="IN">6.228501920306542</PinX>
						<PinY Unit="IN">8.552994142685586</PinY>
					</XForm>
				</Shape>
				<Shape ID="25" UniqueID="{143591FD-C6B2-4135-BDB7-5CF5FAF96888}" Name="用例.25" NameU="Use Case.25" Master="24">
					<Text>Compressed TCS File</Text>
					<XForm>
						<PinX Unit="MM">6.299212598425196</PinX>
						<PinY Unit="MM">6.496062992125984</PinY>
					</XForm>
				</Shape>
				<Shape ID="26" UniqueID="{C718C88D-56E0-4425-A3F3-E9FD7D992B56}" Name="通信.26" NameU="Communicates.26" Master="26">
					<XForm>
						<PinX Unit="MM">6.299212598425196</PinX>
						<PinY Unit="MM">7.283464566929133</PinY>
					</XForm>
				</Shape>
				<Shape ID="28" UniqueID="{43A86637-EB9D-4987-95E0-28A98F8A41C5}" Name="end1_mp" NameU="end1_mp">
					<Text>1</Text>
					<XForm>
						<PinX Unit="IN">6.228501920306542</PinX>
						<PinY Unit="IN">7.582832628967959</PinY>
					</XForm>
				</Shape>
				<Shape ID="30" UniqueID="{830AC8F0-C13C-4857-9E21-70E6EF9B873C}" Name="end2_mp" NameU="end2_mp">
					<Text>1</Text>
					<XForm>
						<PinX Unit="IN">6.228501920306542</PinX>
						<PinY Unit="IN">6.984096504890308</PinY>
					</XForm>
				</Shape>
				<Shape ID="31" UniqueID="{F013F82A-7DEF-4D8D-A0E9-D4951E0E611F}" Name="通信.31" NameU="Communicates.31" Master="26">
					<XForm>
						<PinX Unit="MM">5.216535433070867</PinX>
						<PinY Unit="MM">6.496062992125984</PinY>
					</XForm>
				</Shape>
				<Shape ID="33" UniqueID="{91C1D0B5-4458-46DD-9D45-E1C4AAEB35EF}" Name="end1_mp" NameU="end1_mp">
					<Text>1</Text>
					<XForm>
						<PinX Unit="IN">5.423383810070321</PinX>
						<PinY Unit="IN">6.566773670244640</PinY>
					</XForm>
				</Shape>
				<Shape ID="35" UniqueID="{4DC324A7-9761-4B4F-95AE-86F838696F69}" Name="end2_mp" NameU="end2_mp">
					<Text>1</Text>
					<XForm>
						<PinX Unit="IN">5.009687056071414</PinX>
						<PinY Unit="IN">6.566773670244639</PinY>
					</XForm>
				</Shape>
				<Shape ID="36" UniqueID="{172E48C5-5EAC-4CDF-B69A-DA86E7377F05}" Name="用例.36" NameU="Use Case.36" Master="24">
					<Text>Video Frames</Text>
					<XForm>
						<PinX Unit="MM">1.968503937007874</PinX>
						<PinY Unit="MM">6.496062992125984</PinY>
					</XForm>
				</Shape>
				<Shape ID="37" UniqueID="{0F9FED6F-23B2-4714-A553-A220876816BF}" Name="通信.37" NameU="Communicates.37" Master="26">
					<XForm>
						<PinX Unit="MM">3.051181102362205</PinX>
						<PinY Unit="MM">6.496062992125984</PinY>
					</XForm>
				</Shape>
				<Shape ID="39" UniqueID="{0E214A78-EA4F-487A-967B-8233138AA5B7}" Name="end1_mp" NameU="end1_mp">
					<Text>1</Text>
					<XForm>
						<PinX Unit="IN">3.258029479361660</PinX>
						<PinY Unit="IN">6.566773670244640</PinY>
					</XForm>
				</Shape>
				<Shape ID="41" UniqueID="{7AFBC27E-2450-42CC-ADEA-294F9913464A}" Name="end2_mp" NameU="end2_mp">
					<Text>1</Text>
					<XForm>
						<PinX Unit="IN">2.844332725362750</PinX>
						<PinY Unit="IN">6.566773670244639</PinY>
					</XForm>
				</Shape>
				<Shape ID="43" UniqueID="{655EE0CF-D6B3-4032-ABF5-8B746E860F9B}" Name="用例.43" NameU="Use Case.43" Master="24">
					<Text>writing</Text>
					<XForm>
						<PinX Unit="MM">4.133858267716535</PinX>
						<PinY Unit="MM">5.118110236220472</PinY>
					</XForm>
				</Shape>
				<Shape ID="44" UniqueID="{0C0DA193-CFC9-4705-9B66-37B10A94C769}" Name="通信.44" NameU="Communicates.44" Master="26">
					<XForm>
						<PinX Unit="MM">4.133858267716535</PinX>
						<PinY Unit="MM">5.807086614173228</PinY>
					</XForm>
				</Shape>
				<Shape ID="46" UniqueID="{C9CFF3DD-BB37-4625-B4F4-00D201EA4E01}" Name="end1_mp" NameU="end1_mp">
					<Text>1</Text>
					<XForm>
						<PinX Unit="IN">4.063147589597877</PinX>
						<PinY Unit="IN">6.013934991172686</PinY>
					</XForm>
				</Shape>
				<Shape ID="48" UniqueID="{2D81338C-487E-4866-AE26-1C82DA2491BF}" Name="end2_mp" NameU="end2_mp">
					<Text>1</Text>
					<XForm>
						<PinX Unit="IN">4.063147589597881</PinX>
						<PinY Unit="IN">5.600238237173773</PinY>
					</XForm>
				</Shape>
				<Shape ID="49" UniqueID="{02826064-98A6-4B48-AD34-7FDE737E9563}" Name="用例.49" NameU="Use Case.49" Master="24">
					<Text>Parsed TCS File</Text>
					<XForm>
						<PinX Unit="MM">6.299212598425195</PinX>
						<PinY Unit="MM">5.118110236220472</PinY>
					</XForm>
				</Shape>
				<Shape ID="50" UniqueID="{0C3639FE-FFDF-40C9-A0C4-3ECEB4B9FC87}" Name="通信.50" NameU="Communicates.50" Master="26">
					<XForm>
						<PinX Unit="MM">5.216535433070866</PinX>
						<PinY Unit="MM">5.118110236220472</PinY>
					</XForm>
				</Shape>
				<Shape ID="52" UniqueID="{BB44C657-3979-439A-84B4-B6C0CD07596C}" Name="end1_mp" NameU="end1_mp">
					<Text>1</Text>
					<XForm>
						<PinX Unit="IN">5.009687056071411</PinX>
						<PinY Unit="IN">5.047399558101818</PinY>
					</XForm>
				</Shape>
				<Shape ID="54" UniqueID="{DFB0008A-1E85-4A68-969E-0E47F37A5487}" Name="end2_mp" NameU="end2_mp">
					<Text>1</Text>
					<XForm>
						<PinX Unit="IN">5.423383810070320</PinX>
						<PinY Unit="IN">5.047399558101818</PinY>
					</XForm>
				</Shape>
				<Shape ID="42" UniqueID="{426DFC77-55D6-4B46-8401-968F4978381B}" Name="系统边界.42" NameU="System Boundary.42" Master="23">
					<Text>libtcs</Text>
					<XForm>
						<PinX Unit="MM">6.299212598425196</PinX>
						<PinY Unit="MM">3.248031496062992</PinY>
					</XForm>
				</Shape>
				<Shape ID="55" UniqueID="{CB59BD4C-9F7F-43AB-8033-62916E0BF858}" Name="用例.55" NameU="Use Case.55" Master="24">
					<Text>parsing</Text>
					<XForm>
						<PinX Unit="MM">6.299212598425196</PinX>
						<PinY Unit="MM">3.149606299212598</PinY>
					</XForm>
				</Shape>
				<Shape ID="56" UniqueID="{54809489-0BED-4F0A-AD81-414E0E51C2EF}" Name="通信.56" NameU="Communicates.56" Master="26">
					<XForm>
						<PinX Unit="MM">6.299212598425196</PinX>
						<PinY Unit="MM">4.133858267716535</PinY>
					</XForm>
				</Shape>
				<Shape ID="58" UniqueID="{FECE1B2A-3C8C-4C89-8C7F-09D00C1B8497}" Name="end1_mp" NameU="end1_mp">
					<Text>1</Text>
					<XForm>
						<PinX Unit="IN">6.228501920306545</PinX>
						<PinY Unit="IN">4.618265699834097</PinY>
					</XForm>
				</Shape>
				<Shape ID="60" UniqueID="{F0D56F25-4724-42E7-AE30-5DB4032BCB57}" Name="end2_mp" NameU="end2_mp">
					<Text>1</Text>
					<XForm>
						<PinX Unit="IN">6.228501920306542</PinX>
						<PinY Unit="IN">3.649450835598970</PinY>
					</XForm>
				</Shape>
				<Shape ID="61" UniqueID="{A5F61E4C-09BA-4A15-B7C9-66918BA78CA6}" Name="用例.61" NameU="Use Case.61" Master="24">
					<Text>Video Frames</Text>
					<XForm>
						<PinX Unit="MM">1.968503937007874</PinX>
						<PinY Unit="MM">3.149606299212598</PinY>
					</XForm>
				</Shape>
				<Shape ID="62" UniqueID="{1F9F78C7-58AE-4FED-8B3B-A78FC89E1446}" Name="通信.62" NameU="Communicates.62" Master="26">
					<XForm>
						<PinX Unit="MM">4.133858267716535</PinX>
						<PinY Unit="MM">3.149606299212598</PinY>
					</XForm>
				</Shape>
				<Shape ID="64" UniqueID="{C1901204-E008-465E-9001-DBBF76CCF777}" Name="end1_mp" NameU="end1_mp">
					<Text>1</Text>
					<XForm>
						<PinX Unit="IN">5.358423180149063</PinX>
						<PinY Unit="IN">3.220316977331253</PinY>
					</XForm>
				</Shape>
				<Shape ID="66" UniqueID="{6D5B3A44-99BF-492F-8260-7522CA14195D}" Name="end2_mp" NameU="end2_mp">
					<Text>1</Text>
					<XForm>
						<PinX Unit="IN">2.909293355284008</PinX>
						<PinY Unit="IN">3.220316977331253</PinY>
					</XForm>
				</Shape>
			</Shapes>
		</Page>
		<Page ID="11" Name="用例-9" NameU="用例-9">
			<Shapes>
				<Shape ID="1" UniqueID="{E3FCE1D9-FD2F-448A-9EC4-36D5EAFDF04F}" Name="Watermark Title" NameU="Watermark Title" Master="18">
					<Text>用例</Text>
					<XForm>
						<PinX Unit="MM">4.133858267716535</PinX>
						<PinY Unit="MM">11.692913385826770</PinY>
					</XForm>
				</Shape>
				<Shape ID="2" UniqueID="{C3BC0E4E-F140-4806-B172-1DD14E22B343}" Name="系统边界" NameU="System Boundary" Master="23">
					<Text>libtcs</Text>
					<XForm>
						<PinX Unit="MM">4.133858267716535</PinX>
						<PinY Unit="MM">5.708661417322833</PinY>
					</XForm>
				</Shape>
				<Shape ID="3" UniqueID="{32CF904C-93EC-484A-AFC1-02C5CB985486}" Name="用例" NameU="Use Case" Master="24">
					<Text>parsing</Text>
					<XForm>
						<PinX Unit="MM">4.133858267716534</PinX>
						<PinY Unit="MM">5.708661417322835</PinY>
					</XForm>
				</Shape>
				<Shape ID="4" UniqueID="{C7276B3F-ED20-4A11-B4C5-7072DA990DE0}" Name="通信" NameU="Communicates" Master="26">
					<XForm>
						<PinX Unit="MM">2.854330708661416</PinX>
						<PinY Unit="MM">5.708661417322836</PinY>
					</XForm>
				</Shape>
				<Shape ID="6" UniqueID="{F6402ED9-4A4B-4485-8141-BB79584C76CA}" Name="end1_mp" NameU="end1_mp">
					<Text>1</Text>
					<XForm>
						<PinX Unit="IN">2.462442961583219</PinX>
						<PinY Unit="IN">5.637950739204179</PinY>
					</XForm>
				</Shape>
				<Shape ID="8" UniqueID="{CB728D0A-4DDC-4874-9782-963796C2FE27}" Name="end2_mp" NameU="end2_mp">
					<Text>1</Text>
					<XForm>
						<PinX Unit="IN">3.246218455739608</PinX>
						<PinY Unit="IN">5.637950739204184</PinY>
					</XForm>
				</Shape>
				<Shape ID="9" UniqueID="{47596B8B-BBAE-420F-803E-38D909420E0A}" Name="用例.9" NameU="Use Case.9" Master="24">
					<Text>Compressed TCS File</Text>
					<XForm>
						<PinX Unit="MM">1.574803149606298</PinX>
						<PinY Unit="MM">5.708661417322837</PinY>
					</XForm>
				</Shape>
				<Shape ID="10" UniqueID="{AE6143B7-DC41-4BD5-A2B9-E7F2D29B18DC}" Name="用例.10" NameU="Use Case.10" Master="24">
					<Text>TCS FX Frames</Text>
					<XForm>
						<PinX Unit="MM">6.692913385826770</PinX>
						<PinY Unit="MM">5.708661417322835</PinY>
					</XForm>
				</Shape>
				<Shape ID="11" UniqueID="{4D8031E0-3F31-4816-A674-202F3B8520C2}" Name="通信.11" NameU="Communicates.11" Master="26">
					<XForm>
						<PinX Unit="MM">5.413385826771652</PinX>
						<PinY Unit="MM">5.708661417322835</PinY>
					</XForm>
				</Shape>
				<Shape ID="13" UniqueID="{4AE3E45F-9605-4A48-92A8-127CB14B280B}" Name="end1_mp" NameU="end1_mp">
					<Text>1</Text>
					<XForm>
						<PinX Unit="IN">5.021498079693457</PinX>
						<PinY Unit="IN">5.637950739204181</PinY>
					</XForm>
				</Shape>
				<Shape ID="15" UniqueID="{DF3126AE-88F5-4C9B-9C53-63AF7217E92D}" Name="end2_mp" NameU="end2_mp">
					<Text>1</Text>
					<XForm>
						<PinX Unit="IN">5.805273573849844</PinX>
						<PinY Unit="IN">5.637950739204181</PinY>
					</XForm>
				</Shape>
			</Shapes>
		</Page>
		<Page ID="12" Name="用例-10" NameU="用例-10">
			<Shapes>
				<Shape ID="1" UniqueID="{E0569A9A-41E6-4ECE-8499-0F4DCA71F0ED}" Name="Watermark Title" NameU="Watermark Title" Master="18">
					<Text>用例</Text>
					<XForm>
						<PinX Unit="MM">4.133858267716535</PinX>
						<PinY Unit="MM">11.692913385826770</PinY>
					</XForm>
				</Shape>
				<Shape ID="2" UniqueID="{C4B32405-A45B-41AC-8BDC-BCF8E1B410C2}" Name="系统边界" NameU="System Boundary" Master="23">
					<Text>libtcs</Text>
					<XForm>
						<PinX Unit="MM">4.133858267716537</PinX>
						<PinY Unit="MM">5.905511811023620</PinY>
					</XForm>
				</Shape>
				<Shape ID="3" UniqueID="{8C1D1779-4DBD-4CCE-B4C6-0606134D1D9B}" Name="用例" NameU="Use Case" Master="24">
					<Text>parsing</Text>
					<XForm>
						<PinX Unit="MM">4.133858267716535</PinX>
						<PinY Unit="MM">5.905511811023622</PinY>
					</XForm>
				</Shape>
				<Shape ID="4" UniqueID="{9E89F1EE-0B57-42A6-8307-DFCA08A7E8F7}" Name="通信" NameU="Communicates" Master="26">
					<XForm>
						<PinX Unit="MM">2.854330708661417</PinX>
						<PinY Unit="MM">5.905511811023623</PinY>
					</XForm>
				</Shape>
				<Shape ID="6" UniqueID="{702E012B-3763-4300-8954-5DEED0C29E35}" Name="end1_mp" NameU="end1_mp">
					<Text>1</Text>
					<XForm>
						<PinX Unit="IN">2.462442961583220</PinX>
						<PinY Unit="IN">5.834801132904966</PinY>
					</XForm>
				</Shape>
				<Shape ID="8" UniqueID="{D1E0B513-1AB8-4009-94A2-3AF82CE2283F}" Name="end2_mp" NameU="end2_mp">
					<Text>1</Text>
					<XForm>
						<PinX Unit="IN">3.246218455739609</PinX>
						<PinY Unit="IN">5.834801132904971</PinY>
					</XForm>
				</Shape>
				<Shape ID="9" UniqueID="{6C47ADC6-D08B-427E-88A1-19DCDDFB084D}" Name="用例.9" NameU="Use Case.9" Master="24">
					<Text>Parsed TCS File</Text>
					<XForm>
						<PinX Unit="MM">1.574803149606299</PinX>
						<PinY Unit="MM">5.905511811023624</PinY>
					</XForm>
				</Shape>
				<Shape ID="10" UniqueID="{57DEA7CF-E9C9-4555-AB66-381F97887336}" Name="用例.10" NameU="Use Case.10" Master="24">
					<Text>TCS FX Frames</Text>
					<XForm>
						<PinX Unit="MM">6.692913385826770</PinX>
						<PinY Unit="MM">5.905511811023622</PinY>
					</XForm>
				</Shape>
				<Shape ID="11" UniqueID="{667E26C5-9410-41DB-88BB-BC3636C48B5C}" Name="通信.11" NameU="Communicates.11" Master="26">
					<XForm>
						<PinX Unit="MM">5.413385826771653</PinX>
						<PinY Unit="MM">5.905511811023622</PinY>
					</XForm>
				</Shape>
				<Shape ID="13" UniqueID="{EC7AEC0C-AE53-4B97-A789-DF7243199A07}" Name="end1_mp" NameU="end1_mp">
					<Text>1</Text>
					<XForm>
						<PinX Unit="IN">5.021498079693458</PinX>
						<PinY Unit="IN">5.834801132904968</PinY>
					</XForm>
				</Shape>
				<Shape ID="15" UniqueID="{45DF06A0-DF0B-46BD-A2A2-21904AD541D9}" Name="end2_mp" NameU="end2_mp">
					<Text>1</Text>
					<XForm>
						<PinX Unit="IN">5.805273573849845</PinX>
						<PinY Unit="IN">5.834801132904968</PinY>
					</XForm>
				</Shape>
			</Shapes>
		</Page>
	</Pages>
</VisioDocument>
